﻿<process name="Circular Path Master DS" version="1.0" bpversion="5.0.23.0" narrative="Mestre do Caminho Circular" preferredid="453824d1-d0bc-4bfd-b0cc-f2fa61e2ae8b">
  <view>
    <camerax>0</camerax>
    <cameray>0</cameray>
    <zoom version="2">1.25</zoom>
  </view>
  <preconditions />
  <endpoint narrative="" />
  <stage stageid="f240f4c3-d9d7-40a6-8546-4a8c23143922" name="Start" type="Start">
    <narrative>
    </narrative>
    <displayx>15</displayx>
    <displayy>-135</displayy>
    <displaywidth>60</displaywidth>
    <displayheight>30</displayheight>
    <font family="Segoe UI" size="10" style="Regular" color="000000" />
    <onsuccess>6bce5145-c81f-49ca-acfb-3a364ebfa73e</onsuccess>
  </stage>
  <stage stageid="71b6db8c-93c3-49ff-9b26-8e48ba7fa325" name="End" type="End">
    <narrative>
    </narrative>
    <displayx>15</displayx>
    <displayy>90</displayy>
    <displaywidth>60</displaywidth>
    <displayheight>30</displayheight>
    <font family="Segoe UI" size="10" style="Regular" color="000000" />
  </stage>
  <stage stageid="bde7d34c-228a-46a8-a387-53f0c7416d8c" name="Stage1" type="ProcessInfo">
    <narrative>
    </narrative>
    <displayx>-195</displayx>
    <displayy>-105</displayy>
    <displaywidth>150</displaywidth>
    <displayheight>90</displayheight>
    <font family="Segoe UI" size="10" style="Regular" color="000000" />
  </stage>
  <stage stageid="6bce5145-c81f-49ca-acfb-3a364ebfa73e" name="Process1" type="Process">
    <narrative>
    </narrative>
    <displayx>15</displayx>
    <displayy>-15</displayy>
    <displaywidth>60</displaywidth>
    <displayheight>30</displayheight>
    <font family="Segoe UI" size="10" style="Regular" color="000000" />
    <inputs>
      <input type="number" name="Number of interactions" expr="50" />
    </inputs>
    <outputs>
      <output type="date" name="Future Date" stage="Future Date" />
    </outputs>
    <onsuccess>71b6db8c-93c3-49ff-9b26-8e48ba7fa325</onsuccess>
    <processid>7b7f97ff-4d3e-4c9b-88b7-540291000050</processid>
  </stage>
  <stage stageid="24b84b15-92df-4fd7-ada8-69f4c4cd30ae" name="Future Date" type="Data">
    <narrative>
    </narrative>
    <displayx>-105</displayx>
    <displayy>-15</displayy>
    <displaywidth>90</displaywidth>
    <displayheight>30</displayheight>
    <font family="Segoe UI" size="10" style="Regular" color="000000" />
    <datatype>date</datatype>
    <initialvalue />
    <private />
    <alwaysinit />
  </stage>
</process>