Credential Name,SSO,Process Name,DBConName,Resource Name,Resource Port,Start Datetime
Dynamic Scheduler,FALSE,Test Process Scheduler,Dynamic Scheduler Examples,BP0479,8101,7/15/2018 10:41 PM
Dynamic Scheduler,FALSE,Test Process Scheduler,Dynamic Scheduler Examples,BP0479,8102,7/15/2018 10:42 PM
Dynamic Scheduler,FALSE,Test Process Scheduler,Dynamic Scheduler Examples,BP0479,8103,7/15/2018 10:43 PM
Dynamic Scheduler,FALSE,Test Process Scheduler,Dynamic Scheduler Examples,BP0479,8104,7/15/2018 10:44 PM
